id,nev,ticker,penznem,arfolyam,arfolyam_datum,celar,potencial_szazalek,trend_20,trend_50,trend_200,belso_ertek,veteli_szint,ar_vs_belso_ertek_szazalek,csillag,ertekeles,bizonytalansag,moat,moat_trend,moat_score,mpa_score,elteres,ajanlas
ASML,ASML Holding N.V. (ADR),ASML,USD,1769.79,2026-10-08,2116,19.56,Emelkedő,Emelkedő,Emelkedő,1250,875,41.58,1,Drága,Medium,Wide,Stable,93,70,-23,Avoid
V,Visa Inc.,V,USD,375.1,2026-10-08,419.36,11.8,Emelkedő,Emelkedő,Emelkedő,334,233.8,12.31,3,Korrekt ár,Medium,Wide,Stable,93,78,-15,Accumulate
MA,Mastercard Incorporated,MA,USD,574.76,2026-10-08,666.71,16,Emelkedő,Emelkedő,Emelkedő,630,441,-8.77,3,Korrekt ár,Medium,Wide,Stable,92,92,0,Accumulate
MSFT,Microsoft Corporation,MSFT,USD,522.61,2026-10-08,577.26,10.46,Emelkedő,Emelkedő,Emelkedő,499,349.3,4.73,3,Korrekt ár,Medium,Wide,Stable,90,85,-5,Accumulate
TSM,Taiwan Semiconductor Manufacturing Company Limited (ADR),TSM,USD,457.99,2026-10-08,552.26,20.58,Emelkedő,Emelkedő,Emelkedő,400,280,14.5,3,Korrekt ár,Medium,Wide,Positive,90,78,-12,Accumulate
NVDA,NVIDIA Corporation,NVDA,USD,230.48,2026-10-08,327.7,42.18,Emelkedő,Emelkedő,Emelkedő,163,81.5,41.4,2,Drága,Very High,Wide,Stable,88,70,-18,Hold
KO,The Coca-Cola Company,KO,USD,87.77,2026-10-08,94.7,7.9,Oldalazó,Oldalazó,Emelkedő,74,59.2,18.61,2,Drága,Low,Wide,Stable,86,78,-8,Hold
LLY,Eli Lilly and Company,LLY,USD,1169.6,2026-10-08,1328.83,13.61,Oldalazó,Oldalazó,Emelkedő,820,574,42.63,1,Drága,Medium,Wide,Positive,86,70,-16,Avoid
AMZN,"Amazon.com, Inc.",AMZN,USD,254.06,2026-10-08,329.54,29.71,Oldalazó,Csökkenő,Emelkedő,210,147,20.98,2,Drága,Medium,Wide,Stable,85,78,-7,Hold
AAPL,Apple Inc.,AAPL,USD,340.42,2026-10-08,328.22,-3.58,Emelkedő,Emelkedő,Emelkedő,206,144.2,65.25,1,Drága,Medium,Wide,Stable,84,70,-14,Avoid
META,"Meta Platforms, Inc.",META,USD,720.89,2026-10-08,793.91,10.13,Oldalazó,Emelkedő,Emelkedő,600,360,20.15,3,Korrekt ár,High,Wide,Stable,84,78,-6,Accumulate
AVGO,Broadcom Inc.,AVGO,USD,360.14,2026-10-08,531.85,47.68,Emelkedő,Csökkenő,Oldalazó,313,187.8,15.06,3,Korrekt ár,High,Wide,Positive,82,78,-4,Hold
GOOGL,Alphabet Inc. (Class A),GOOGL,USD,348.29,2026-10-08,429.46,23.31,Oldalazó,Oldalazó,Emelkedő,353,211.8,-1.33,3,Korrekt ár,High,Wide,Stable,82,92,10,Accumulate
PEP,"PepsiCo, Inc.",PEP,USD,128.34,2026-10-08,151.09,17.73,Oldalazó,Csökkenő,Csökkenő,135,108,-4.93,3,Korrekt ár,Low,Wide,Stable,80,80,0,Hold
SYK,Stryker Corporation,SYK,USD,276.97,2026-10-08,367.8,32.79,Oldalazó,Csökkenő,Csökkenő,309,216.3,-10.37,3,Korrekt ár,Medium,Wide,Stable,80,92,12,Hold
BKNG,Booking Holdings Inc.,BKNG,USD,159.97,2026-10-08,238.78,49.27,Csökkenő,Csökkenő,Oldalazó,245,147,-34.71,4,Alulértékelt,High,Narrow,Negative,72,65,-7,Hold
CRH,CRH plc,CRH,USD,81.88,2026-10-08,133.18,62.65,Csökkenő,Csökkenő,Csökkenő,74,51.8,10.65,3,Korrekt ár,Medium,Narrow,Stable,68,51,-17,Hold
ZS,"Zscaler, Inc.",ZS,USD,216.81,2026-10-08,208.86,-3.67,Emelkedő,Emelkedő,Emelkedő,115,69,88.53,1,Drága,High,Narrow,Stable,66,55,-11,Avoid
WFC,Wells Fargo & Company,WFC,USD,82.03,2026-10-08,100.54,22.56,Csökkenő,Csökkenő,Oldalazó,110,77,-25.43,4,Alulértékelt,Medium,Narrow,Positive,66,77,11,Hold
SPCX,"Space Exploration Technologies Corp. (SpaceX, listed under ticker SPCX)",SPCX,USD,160.57,2026-10-08,222.42,38.52,Emelkedő,Emelkedő,,45,22.5,256.82,1,Drága,Very High,Narrow,Positive,64,43,-21,Avoid
AMD,Advanced Micro Devices,AMD,USD,620.68,2026-10-08,618.51,-0.35,Emelkedő,Emelkedő,Emelkedő,270,135,129.88,1,Drága,Very High,Narrow,Positive,62,55,-7,Avoid
DTE,Deutsche Telekom AG,DTE,EUR,26.99,2026-10-07,35.84,32.79,Csökkenő,Csökkenő,Csökkenő,30,21,-10.03,3,Korrekt ár,Medium,Narrow,Stable,62,65,3,Hold
OTP,OTP Bank Nyrt.,OTP,HUF,39900,2026-10-07,44872,12.46,Csökkenő,Csökkenő,Oldalazó,41000,24600,-2.68,3,Korrekt ár,High,Narrow,Stable,62,77,15,Hold
MS,Morgan Stanley,MS,USD,187.44,2026-10-08,235.81,25.81,Csökkenő,Csökkenő,Oldalazó,150,90,24.96,3,Korrekt ár,High,Narrow,Stable,62,63,1,Hold
IFX.DE,Infineon Technologies AG,IFX,EUR,60.95,2026-10-07,86.74,42.31,Emelkedő,Oldalazó,Emelkedő,26,15.6,134.42,1,Drága,High,Narrow,Stable,62,43,-19,Avoid
MTELEKOM,Magyar Telekom Nyrt.,MTELEKOM,HUF,2540,2026-10-07,2923,15.08,Oldalazó,Csökkenő,Emelkedő,2500,1750,1.6,3,Korrekt ár,Medium,Narrow,Stable,58,70,12,Accumulate
RICHTER,Richter Gedeon Nyrt.,RICHTER,HUF,12500,2026-10-07,13800,10.4,Oldalazó,Csökkenő,Emelkedő,13500,9450,-7.41,3,Korrekt ár,Medium,Narrow,Stable,58,77,19,Accumulate
PFE,Pfizer Inc.,PFE,USD,27.82,2026-10-08,28.88,3.81,Oldalazó,Emelkedő,Emelkedő,22,15.4,26.45,2,Drága,Medium,Narrow,Negative,55,51,-4,Hold
STX,Seagate Technology Holdings plc,STX,USD,774.83,2026-10-08,1125,45.19,Csökkenő,Oldalazó,Emelkedő,300,150,158.28,1,Drága,Very High,Narrow,Stable,50,43,-7,Avoid
VST,Vistra Corp.,VST,USD,156.14,2026-10-08,212.79,36.28,Emelkedő,Emelkedő,Oldalazó,87,52.2,79.47,1,Drága,High,None,Stable,48,23,-25,Avoid
INTC,Intel Corporation,INTC,USD,107.08,2026-10-08,108.49,1.32,Csökkenő,Emelkedő,Emelkedő,35,17.5,205.94,1,Drága,Very High,None,Stable,40,23,-17,Avoid
MOL,MOL Magyar Olaj- és Gázipari Nyrt.,MOL,HUF,5035,2026-10-07,4440,-11.82,Csökkenő,Emelkedő,Emelkedő,3850,2310,30.78,2,Drága,High,None,Stable,38,35,-3,Avoid
UAL,"United Airlines Holdings, Inc.",UAL,USD,107.44,2026-10-08,156.35,45.52,Csökkenő,Csökkenő,Oldalazó,63,37.8,70.54,1,Drága,High,None,Stable,38,23,-15,Avoid
BBIO,"BridgeBio Pharma, Inc.",BBIO,USD,65.04,2026-10-08,109.1,67.74,Csökkenő,Csökkenő,Oldalazó,45,22.5,44.53,2,Drága,Very High,None,Stable,35,23,-12,Avoid
